VendorNumber,VendorName,TotalSalesDollars,TotalPurchaseDollars,TotalSalesQuantity,TotalPurchaseQuantity,TotalSalesPrice,TotalExciseTax,GrossProfit,PurchasePrice,ActualPrice,Volume,ProfitMargin,StockTurnover,SalestoPurchaseRatio,LogSales,ProfitMargin_Capped,StockTurnover_Capped
2,"IRA GOLDMAN AND WILLIAMS, LLP",1265.5800000000002,5630.88,42.0,328.0,745.7400000000001,2.5200000000000005,-4365.299999999999,20.43,30.990000000000002,456.25,-344.92485658749337,0.12804878048780488,0.22475705395959425,7.144075633652909,-258.6354389442387,0.22043010752688172
60,ADAMBA IMPORTS INTL INC,67576.22000000006,76770.25000000009,3978.0,4732.0,42177.180000000284,7261.070000000211,-9194.030000000032,12.936666666666667,16.99,1416.6666666666667,-13.605422144061954,0.8406593406593407,0.8802396761766437,11.12102622299126,-13.605422144061954,0.8406593406593407
105,ALTAMAR BRANDS LLC,15706.809999999949,11706.200000000008,319.0,332.0,13007.389999999952,251.5899999999993,4000.6099999999415,29.48,39.99,750.0,25.470544305304227,0.9608433734939759,1.3417513796107992,9.661913319877353,25.470544305304227,0.9608433734939759
200,AMERICAN SPIRITS EXCHANGE,1719.9700000000003,1205.16,103.0,132.0,463.68000000000006,11.530000000000001,514.8100000000003,8.63,12.99,750.0,29.931336011674638,0.7803030303030303,1.4271714959009594,7.450643364333865,29.931336011674638,0.7803030303030303
287,APPOLO VINEYARDS LLC,1616.9200000000005,2399.7,108.0,230.0,1472.5200000000007,11.900000000000007,-782.7799999999994,10.435,15.49,750.0,-48.41179526507181,0.46956521739130436,0.6738008917781392,7.388896652638329,-48.41179526507181,0.46956521739130436
388,ATLANTIC IMPORTING COMPANY,59272.75000000002,41116.31999999975,1825.0,1847.0,47300.20000000045,1356.149999999979,18156.43000000027,36.13333333333333,52.656666666666666,750.0,30.632002058281866,0.9880887926367081,1.441586941632918,10.989921822562788,30.632002058281866,0.9880887926367081
480,BACARDI USA INC,25005365.78999932,17624378.720000073,1457011.0,1427075.0,8897462.99999957,1364932.379999968,7380987.069999245,16.144545454545455,22.72030303030303,830.7515151515152,29.517612867519844,1.020977173589335,1.418794170691721,17.034601031393798,29.517612867519844,1.020977173589335
516,BANFI PRODUCTS CORP,2645625.220000011,1628866.6799999988,220930.0,228103.0,1347053.0700000064,32909.90000000069,1016758.540000012,10.02152671755725,15.915954198473285,903.1297709923664,38.431692150258826,0.9685536796973298,1.6242122529021301,14.788418351395896,38.431692150258826,0.9685536796973298
653,STATE WINE & SPIRITS,2293833.38000001,1529682.0400000033,157402.0,154092.0,1241056.6300000113,29422.019999999997,764151.340000007,12.501382488479264,18.69967741935484,732.3824884792626,33.31328886669195,1.0214806738831348,1.4995491350607772,14.64573537702938,33.31328886669195,1.0214806738831348
660,SAZERAC NORTH AMERICA INC.,4964318.1599998595,3537977.5500000026,493344.0,503931.0,2247980.840000016,717678.4499999732,1426340.6099998571,8.128461538461538,11.65923076923077,1139.1025641025642,28.731853278314006,0.9789911714103716,1.4031514021336444,15.417786718163226,28.731853278314006,0.9789911714103716
1003,BRONCO WINE COMPANY,2400.6600000000003,2071.9,334.0,433.0,678.01,61.31999999999999,328.7600000000002,5.296666666666667,7.823333333333333,1250.0,13.694567327318326,0.7713625866050808,1.1586756117573243,7.783915443911556,13.694567327318326,0.7713625866050808
1128,BROWN-FORMAN CORP,18476611.59999977,13529433.080000108,983740.0,1006122.0,7174369.639999557,766148.7400000117,4947178.519999663,25.818425196850395,34.930944881889765,813.0866141732283,26.775355931602334,0.9777541888558247,1.3656604449533685,16.732016306510342,26.775355931602334,0.9777541888558247
1189,BULLY BOY DISTILLERS,119484.53000000062,117928.2200000001,4447.0,5382.0,88637.1100000008,3505.9299999999785,1556.3100000005243,20.74,28.656666666666666,750.0,1.3025200835627142,0.8262727610553697,1.0131970956570067,11.69095055515587,1.3025200835627142,0.8262727610553697
1265,BLACK ROCK SPIRITS LLC,2049.1800000000003,1152.0999999999997,82.0,82.0,824.6700000000002,64.55,897.0800000000006,14.05,24.99,750.0,43.77751100440179,1.0,1.778647686832741,7.62568287315588,43.77751100440179,1.0
1273,CALEDONIA SPIRITS INC,278648.3799999995,259604.70000000193,7162.0,8202.0,191362.41000000585,5363.549999999984,19043.67999999753,31.666000000000004,41.59,600.0,6.834304940153453,0.8732016581321629,1.073356453099645,12.537709567981748,6.834304940153453,0.8732016581321629
1392,CONSTELLATION BRANDS INC,24467134.229999106,15573917.900000008,2301458.0,2325892.0,9648316.260000184,692009.2599999777,8893216.329999097,12.691619256017505,19.17621444201313,1006.6630196936543,36.347601016122034,0.9894947830767723,1.5710326962747823,17.012841355823138,36.347601016122034,0.9894947830767723
1439,CAPSTONE INTERNATIONAL,246.86999999999998,54.64,13.0,4.0,113.93999999999998,23.889999999999997,192.22999999999996,13.66,26.99,1750.0,77.86689350670393,3.25,4.51811859443631,5.5129044151791256,77.46635134740593,2.8823529411764706
1485,CASTLE BRANDS CORP.,2307511.2499999246,1679383.9099999808,103675.0,105220.0,1350960.5399999912,110409.89999999748,628127.3399999435,27.192307692307693,36.50923076923077,822.1153846153846,27.220987113279037,0.9853164797567002,1.3740224830425765,14.651680554120752,27.220987113279037,0.9853164797567002
1587,VINEYARD BRANDS INC,1842143.1000000148,1196162.8099999987,166087.0,171919.0,832889.170000001,18425.68000000008,645980.2900000162,16.006338028169015,24.41957746478873,762.3239436619718,35.066781185457906,0.9660770479120981,1.5400437838391052,14.426440722922157,35.066781185457906,0.9660770479120981
1587,VINEYARD BRANDS LLC,4323.959999999997,10951.51,104.0,371.0,3049.32,6.279999999999999,-6627.550000000003,51.9,77.65666666666668,500.0,-153.27500716935418,0.2803234501347709,0.39482774521504316,8.372158170768298,-153.27500716935418,0.2803234501347709
1590,DIAGEO CHATEAU ESTATE WINES,2182527.2600000175,1365472.830000002,190742.0,187841.0,920526.4299999933,22926.05999999998,817054.4300000154,15.404897959183675,23.87112244897959,765.3061224489796,37.43616150755473,1.0154439126708226,1.5983674021547645,14.59599451506568,37.43616150755473,1.0154439126708226
1601,VRANKEN AMERICA,341398.5100000015,208330.14999999982,13449.0,13094.0,166160.67999999828,1493.7600000000214,133068.36000000167,22.672941176470587,35.34294117647059,761.0,38.97742846036471,1.02711165419276,1.6387378879149361,12.740808654074902,38.97742846036471,1.02711165419276
1650,Circa Wines,44414.86999999999,42554.34,2443.0,3320.0,13996.109999999991,345.71000000000004,1860.5299999999856,12.75,19.183939393939394,750.0,4.188979951984518,0.7358433734939759,1.0437212749627887,10.701352116988994,4.188979951984518,0.7358433734939759
1655,FABRIZIA SPIRITS LLC,396503.9200000078,358390.61999999994,25508.0,28071.0,261989.53999999986,23205.910000000273,38113.30000000784,13.11625,17.24,828.125,9.612338763260421,0.9086958070606675,1.1063456962127185,12.890443728555105,9.612338763260421,0.9086958070606675
1703,ALISA CARR BEVERAGES,113590.17999999996,34951.68,982.0,438.0,44715.95999999996,109.67999999999995,78638.49999999996,107.93846153846154,160.83615384615385,750.0,69.23001618625834,2.2420091324200913,3.249920461620156,11.640361141409912,69.23001618625834,2.2420091324200913
2000,SOUTHERN GLAZERS W&S OF NE,40440.12000000024,40803.919999999984,3288.0,4198.0,16927.49999999977,367.0000000000062,-363.7999999997445,48.474444444444444,73.43444444444445,750.0,-0.8996016826847753,0.7832301095759886,0.9910841899503836,10.607602368102041,-0.8996016826847753,0.7832301095759886
2000,SOUTHERN WINE & SPIRITS NE,5704567.519999974,3699813.4599999967,397315.0,402677.0,2605722.640000034,50740.34999999957,2004754.0599999777,46.50211656441718,70.22282208588958,787.5644171779142,35.142963125099214,0.9866841165499892,1.5418527397865025,15.556777906516231,35.142963125099214,0.9866841165499892
2242,DELICATO VINEYARDS INC,2357402.460000037,1561444.6299999952,190356.0,192642.0,1394538.400000031,38631.14999999987,795957.8300000418,7.453111111111111,11.832222222222223,1144.4444444444443,33.764189335750046,0.9881334288472918,1.5097573200530616,14.673071342492218,33.764189335750046,0.9881334288472918
2396,BLACK PRINCE DISTILLERY INC,11697.039999999937,5971.94,1096.0,807.0,5585.619999999943,959.8800000000012,5725.099999999937,5.8475,8.49,937.5,48.94486126404601,1.3581164807930608,1.9586666979239473,9.36717658538505,48.94486126404601,1.3581164807930608
2450,DJINN SPIRITS LLC,56731.23000000005,48830.77999999997,2177.0,2637.0,42073.08999999985,1149.6599999999949,7900.450000000074,21.205,30.156666666666666,625.0,13.926103840865196,0.825559347743648,1.1617924186343138,10.946097758555615,13.926103840865196,0.825559347743648
2496,DUGGANS DISTILLED PRODUCTS,202338.62000000442,184296.49999999956,15738.0,18814.0,134017.3300000018,16671.23000000047,18042.12000000487,10.975999999999999,15.689999999999998,1010.0,8.916795024105866,0.8365047305198257,1.0978972470991304,12.217702851731056,8.916795024105866,0.8365047305198257
2555,DISARONNO INTERNATIONAL LLC,1725259.229999888,1141947.8500000082,103387.0,103095.0,801179.1199999575,68873.01000000036,583311.37999988,13.533636363636363,18.653636363636362,652.2727272727273,33.810071545011695,1.0028323391047091,1.5108038690207048,14.360888455040627,33.810071545011695,1.0028323391047091
2561,EDRINGTON AMERICAS,2523778.299999932,1882832.8400000026,58570.0,60527.0,1706359.3099999633,73151.80999999927,640945.4599999294,154.8958620689655,207.88655172413795,849.1379310344828,25.396266383618038,0.9676673220215771,1.3404154879728614,14.741268058249542,25.396266383618038,0.9676673220215771
2876,CENTEUR IMPORTS LLC,7474.810000000002,6237.08,619.0,771.0,3466.270000000002,69.04,1237.730000000002,7.890000000000001,11.690000000000001,750.0,16.558681759135037,0.8028534370946823,1.1984470296997958,8.919427753592249,16.558681759135037,0.8028534370946823
3089,SIDNEY FRANK IMPORTING CO,2256371.2499998133,1715908.8799999862,188625.0,186464.0,1079844.9099999433,104874.33000000335,540462.369999827,12.585384615384616,16.951538461538462,636.5384615384615,23.952723648640344,1.0115893684571822,1.3149714861314963,14.629268882420893,23.952723648640344,1.0115893684571822
3252,E & J GALLO WINERY,18553774.659999806,12289608.090000046,1808718.0,1858260.0,8333203.200000167,508410.2299999787,6264166.56999976,8.204453280318091,12.471113320079523,1190.337972166998,33.76222189172489,0.9733395757321365,1.5097124761119813,16.73618386592897,33.76222189172489,0.9733395757321365
3551,GILMANTON WINERY & VINEYARD,3837.6000000000017,5393.039999999998,240.0,516.0,3006.1200000000013,26.519999999999982,-1555.4399999999964,10.45,15.99,750.0,-40.5315822388992,0.46511627906976744,0.7115838191446759,8.252862995771778,-40.5315822388992,0.46511627906976744
3664,WILLIAM GRANT & SONS INC,7635228.309999702,5960744.350000004,283309.0,302685.0,4887614.029999874,261083.909999994,1674483.9599996977,106.59901234567901,139.96283950617283,818.5185185185185,21.93102670953088,0.9359862563390984,1.280918600375756,15.848283530237518,21.93102670953088,0.9359862563390984
3924,HEAVEN HILL DISTILLERIES,3818152.3099998883,2816661.939999991,342609.0,352348.0,2066759.1599999897,349973.76999997813,1001490.3699998974,14.160806451612904,19.252903225806453,945.5645161290323,26.229712402434956,0.972359712556904,1.3555593079089572,15.155277436992797,26.229712402434956,0.972359712556904
3950,"HOOD RIVER DISTILLERS, Inc.",29380.799999999956,24035.96,1270.0,1137.0,15811.21999999991,1000.6300000000014,5344.8399999999565,18.81,25.656666666666666,750.0,18.191608125033916,1.1169744942832014,1.2223684845539748,10.288130714018633,18.191608125033916,1.1169744942832014
3951,HIGHLAND WINE MERCHANTS LLC,1533.68,5500.32,82.0,372.0,559.27,9.190000000000001,-3966.64,15.010909090909092,22.49,715.9090909090909,-258.6354389442387,0.22043010752688172,0.2788346859819065,7.336077169233229,-258.6354389442387,0.22043010752688172
3960,DIAGEO NORTH AMERICA INC,68739834.96999826,50959796.84999999,5422335.0,5459788.0,25918044.18999894,3798483.3499999614,17780038.11999826,39.410353535353536,52.86146464646465,812.310606060606,25.865698001396748,0.9931402098396495,1.348903237827532,18.04583944314509,25.865698001396748,0.9931402098396495
4380,CHARLES JACQUIN ET CIE INC,450266.1600000067,329637.6199999999,43474.0,43947.0,297389.43000000087,34505.57999999929,120628.54000000685,8.201428571428572,11.19,825.0,26.790496536538534,0.9892370355200583,1.3659428799419402,13.017596374471879,26.790496536538534,0.9892370355200583
4425,MARTIGNETTI COMPANIES,40960117.81999984,27861690.019999936,2578596.0,2640411.0,16029789.769999783,755960.7100000086,13098427.799999904,23.96479106628242,36.37595821325649,785.5648414985591,31.978491511087054,0.9765888719597062,1.4701232333931453,17.528109439570223,31.978491511087054,0.9765888719597062
4466,AMERICAN VINTAGE BEVERAGE,190134.6300000004,156357.27999999895,14637.0,15778.0,122794.47000000074,26902.490000000933,33777.350000001454,9.983333333333333,13.656666666666666,1750.0,17.76496475155598,0.9276841171251109,1.2160267177837942,12.1554929385838,17.76496475155598,0.9276841171251109
4550,KLIN SPIRITS LLC,147675.94000000585,103484.28999999916,6606.0,6840.0,106715.850000002,6073.159999999918,44191.650000006695,14.1425,19.74,1000.0,29.92474603513947,0.9657894736842105,1.427037282663939,11.90278232904534,29.92474603513947,0.9657894736842105
4692,KOBRAND CORPORATION,2829620.2000000216,1808146.3300000005,161687.0,161002.0,1415674.380000002,24292.049999999992,1021473.8700000213,28.025454545454547,42.64668449197861,785.427807486631,36.09932774723666,1.0042546055328505,1.564928763260007,14.855653409070399,36.09932774723666,1.0042546055328505
4848,LAIRD & CO,213108.09000000003,203011.58000000022,20141.0,21422.0,108256.39000000054,7770.519999999962,10096.509999999804,14.370000000000001,19.74,777.3125,4.737741303016606,0.9402016618429652,1.0497336654391822,12.269559473206998,4.737741303016606,0.9402016618429652
4950,LATITUDE BEVERAGE COMPANY,471483.1500000048,316446.7600000002,49785.0,53090.0,200992.53000000428,5545.800000000105,155036.39000000464,8.362619047619049,12.656666666666668,763.3333333333334,32.882700049832756,0.9377472216990017,1.4899288272062086,13.063640764371856,32.882700049832756,0.9377472216990017
5083,LOYAL DOG WINERY,1111.2600000000004,2320.7999999999997,74.0,240.0,901.4000000000004,8.180000000000003,-1209.5399999999993,9.67,14.99,750.0,-108.84401490200301,0.30833333333333335,0.4788262668045504,7.01414926043018,-108.84401490200301,0.30833333333333335
5270,MANGO BOTTLING INC,242291.50999999876,204510.38000000053,26649.0,28414.0,115891.5700000076,10469.689999999953,37781.12999999825,7.217499999999999,9.99,375.0,15.593253762791129,0.9378827338635883,1.1847394249621859,12.397900994234377,15.593253762791129,0.9378827338635883
5455,MARSALLE COMPANY,215253.60000000172,185311.1900000001,6640.0,7158.0,168905.86000000007,5019.399999999953,29942.410000001626,23.38,32.99,750.0,13.910294647802122,0.9276334171556301,1.1615790713987733,12.279576792561059,13.910294647802122,0.9276334171556301
5612,MILTONS DISTRIBUTING CO,2355.12,1824.18,228.0,267.0,194.91,27.0,530.9399999999999,6.921111111111111,10.384444444444444,791.6666666666666,22.544074187302556,0.8539325842696629,1.2910568036049073,7.764771477260474,22.544074187302556,0.8539325842696629
5992,MCCORMICK DISTILLING CO,385182.1600000022,310552.87000000087,28954.0,29788.0,250414.46999999715,24829.2999999998,74629.29000000132,9.415384615384616,12.505384615384616,913.4615384615385,19.37506399569515,0.972002148516181,1.2403110620101534,12.861474240401149,19.37506399569515,0.972002148516181
6213,MHW LTD,2586109.870000009,1888333.0099999937,212313.0,215201.0,1628395.420000009,99400.36000000125,697776.860000015,16.828068181818182,22.8025,765.625,26.98171752463141,0.9865799880112082,1.3695200244368009,14.765665710558102,26.98171752463141,0.9865799880112082
6215,MOONLIGHT MEADERY,95208.76999999967,71357.58999999994,7123.0,7967.0,75996.09999999922,417.02000000000436,23851.179999999727,9.172857142857142,13.81857142857143,375.0,25.051452718063484,0.8940630099159032,1.3342486762795627,11.46383784156418,25.051452718063484,0.8940630099159032
6280,UNCORKED,1091.39,2966.31,61.0,243.0,667.14,6.7700000000000005,-1874.92,13.651666666666666,20.406666666666666,750.0,-171.79193505529645,0.25102880658436216,0.3679285037639357,6.996123235401663,-171.79193505529645,0.25102880658436216
6355,NICHE W & S,114938.95999999883,111031.76999999989,10404.0,9277.0,84406.12999999877,3677.6699999999514,3907.1899999989455,17.0625,22.74,531.25,3.399360843354582,1.1214832381157702,1.0351898380076165,11.652165184054006,3.399360843354582,1.1214832381157702
6359,OLE SMOKY DISTILLERY LLC,498602.64000000485,387622.6900000004,106886.0,110162.0,246949.15999999808,18226.969999999827,110979.95000000439,11.48294117647059,15.813529411764705,626.4705882352941,22.25819542391579,0.9702619778144914,1.2863092199272554,13.119566750486191,22.25819542391579,0.9702619778144914
6785,PALM BAY INTERNATIONAL INC,4019949.1399999363,2693984.3299999973,372880.0,375697.0,1702461.160000008,68351.61000000064,1325964.8099999393,13.030138888888889,19.684444444444445,828.9722222222222,32.98461656656582,0.9925019364008763,1.492194700330696,15.206780057533196,32.98461656656582,0.9925019364008763
6830,PARK STREET IMPORTS LLC,77288.67000000052,69459.4199999999,3483.0,4349.0,51225.51000000007,2321.45999999999,7829.250000000626,18.732499999999998,26.24,703.125,10.129880615102541,0.8008737640836974,1.1127168928275046,11.255315590457961,10.129880615102541,0.8008737640836974
7153,PINE STATE TRADING CO,4640927.410000025,3129071.590000003,416526.0,424427.0,2510700.4000000255,93282.72999999976,1511855.8200000222,19.324620853080567,28.840710900473937,762.3815165876778,32.57658839356882,0.9813843134390602,1.483164343325242,15.350424992549506,32.57658839356882,0.9813843134390602
7154,PREMIER DISTRIBUTORS,109091.34,84530.87000000016,5566.0,5916.0,64600.020000001525,3438.739999999957,24560.469999999834,10.424285714285714,14.632857142857143,750.0,22.513675237649327,0.9408384043272482,1.2905503042852842,11.599949958540503,22.513675237649327,0.9408384043272482
7239,REMY COINTREAU USA INC,4294875.049999812,3354958.279999989,135195.0,142363.0,2288762.7499999385,114003.51000000206,939916.7699998226,83.33795454545455,110.865,872.1590909090909,21.88461268506202,0.9496498387923828,1.2801575136129042,15.272933253845483,21.88461268506202,0.9496498387923828
7240,"PREMIUM PORT WINES, INC.",86057.76000000013,59760.74000000021,8024.0,8167.0,54686.55000000166,889.5400000000448,26297.01999999991,7.744999999999999,11.49,750.0,30.557407025234994,0.9824905105914045,1.4400383930988776,11.362785597736615,30.557407025234994,0.9824905105914045
7245,PROXIMO SPIRITS INC.,10515302.569999374,7588029.899999956,667583.0,682042.0,5375526.859999858,673765.3999999687,2927272.6699994197,16.027169811320757,22.3711320754717,856.3679245283018,27.838216261613418,0.9788004257802305,1.3857750573702188,16.16834223688759,27.838216261613418,0.9788004257802305
7255,PSP WINES,171480.67999999967,128895.69000000006,14582.0,16493.0,95551.17999999925,1623.8600000000151,42584.98999999962,8.382333333333333,12.906666666666666,775.0,24.833695551008837,0.8841326623415995,1.330383351064722,12.052231717724803,24.833695551008837,0.8841326623415995
7749,R.P.IMPORTS INC,50845.59999999999,18776.87,940.0,498.0,22072.83,104.86000000000001,32068.72999999999,40.07125,60.8275,750.0,63.070806520131526,1.8875502008032128,2.707884753955265,10.836568535917754,63.070806520131526,1.8875502008032128
8004,SAZERAC CO INC,13250579.95999934,9916770.259999953,1385019.0,1417727.0,6061731.829999897,1116632.5299999514,3333809.6999993883,17.251007194244604,23.2036690647482,882.7338129496403,25.159726669047277,0.9769292677645273,1.336178978900677,16.399551955472983,25.159726669047277,0.9769292677645273
8112,MOET HENNESSY USA INC,13545179.219999589,9472995.200000007,424235.0,427867.0,5748025.999999859,191762.3000000036,4072184.019999582,142.7858620689655,194.6115517241379,753.7586206896551,30.063714579626694,0.9915113808730283,1.4298729107346724,16.421541338691487,30.063714579626694,0.9915113808730283
8150,SEA HAGG DISTILLERY LLC,213002.55000000395,188044.46,13145.0,15412.0,119225.44999999914,10401.039999999828,24958.09000000396,15.25,19.91857142857143,707.1428571428571,11.717272868331152,0.852906825849987,1.1327244099613674,12.26906411121936,11.717272868331152,0.852906825849987
8320,SHAW ROSS INT L IMP LTD,856945.6400000016,624979.6399999966,68146.0,69127.0,443710.45000001905,52352.269999999415,231966.00000000498,10.781714285714287,15.155714285714287,1239.4285714285713,27.068928199460178,0.985808728861371,1.3711576908329466,13.661130931930835,27.068928199460178,0.985808728861371
8352,LUXCO INC,2826287.7699999996,2051436.010000004,286953.0,283260.0,1758896.3400000175,249501.70999999536,774851.7599999957,13.17090909090909,17.99,901.1363636363636,27.415883415155417,1.0130374920567677,1.3777118838817664,14.8544750203042,27.415883415155417,1.0130374920567677
8663,STAR INDUSTRIES INC.,7870.759999999965,2452.29,424.0,151.0,4544.559999999971,336.73999999999995,5418.469999999966,12.14,17.49,875.0,68.84303421778824,2.80794701986755,3.209555150491975,8.971036950462445,68.84303421778824,2.80794701986755
8664,"STOLI GROUP,(USA) LLC",4663394.809999665,3666478.720000019,271989.0,314035.0,2131523.189999893,288002.00999997725,996916.0899996465,62.37488888888889,79.7011111111111,742.7777777777778,21.37747565061338,0.8661104653939847,1.271900143470529,15.35525445531047,21.37747565061338,0.8661104653939847
8673,STE MICHELLE WINE ESTATES,4899404.500000021,3086650.6999999993,418564.0,419822.0,2050379.0399999805,46756.4399999997,1812753.8000000226,13.202086330935252,20.59748201438849,756.7410071942446,36.999472078698844,0.9970034919561147,1.5872882862968662,15.404624429189589,36.999472078698844,0.9970034919561147
8735,SURVILLE ENTERPRISES CORP,80444.84999999947,51325.770000000004,6515.0,6504.0,50871.93999999951,1400.5200000000032,29119.079999999467,8.546190476190477,13.847142857142858,723.1904761904761,36.19756889347131,1.0016912669126692,1.5673383955077431,11.295339566254677,36.19756889347131,1.0016912669126692
8892,TRINCHERO FAMILY ESTATES,3467259.9499999927,2252211.3099999926,346711.0,352526.0,1508661.8400000455,44029.83999999951,1215048.6400000001,7.483776223776224,11.666923076923077,832.1258741258741,35.04348267859186,0.9835047627692709,1.5394914032289466,15.058875488636025,35.04348267859186,0.9835047627692709
8920,TAKARA SAKE USA INC,64082.970000002046,45289.34000000031,8973.0,9066.0,26628.03000000141,5327.699999999941,18793.630000001736,21.560000000000002,32.02333333333333,6350.0,29.327027133731686,0.9897418927862343,1.414968069748899,11.067949533630955,29.327027133731686,0.9897418927862343
9099,TRUETT HURST,14.99,236.64,1.0,24.0,14.99,0.11,-221.64999999999998,9.86,14.99,750.0,-1478.6524349566375,0.041666666666666664,0.0633451656524679,2.771963526845863,-258.6354389442387,0.22043010752688172
9165,ULTRA BEVERAGE COMPANY LLP,17802646.099999737,13210613.929999981,1042270.0,1077527.0,9781946.340000002,310024.5800000017,4592032.169999757,32.460776583034644,46.74816009557945,760.1015531660693,25.794099058116,0.9672797062161783,1.347601723457508,16.69485771768869,25.794099058116,0.9672797062161783
9206,PHILLIPS PRODUCTS CO.,599428.95,430945.8899999974,43605.0,40054.0,379917.36000001326,50721.93999999891,168483.06000000262,15.427391304347825,20.707391304347826,786.9565217391304,28.107261085738788,1.0886553153243121,1.3909610554587342,13.30373439924971,28.107261085738788,1.0886553153243121
9260,TY KU LLC,44141.59999999997,38921.470000000016,2490.0,3003.0,34028.64999999983,778.9299999999987,5220.129999999953,12.33,17.49,470.0,11.825874005473198,0.8291708291708292,1.1341195489276215,10.695180581564884,11.825874005473198,0.8291708291708292
9552,M S WALKER INC,15436066.259999862,10935817.29999999,1342230.0,1372841.0,7148294.210000141,943092.3099999783,4500248.959999872,17.896414868105516,27.079568345323743,791.5,29.154117922268576,0.9777024433273773,1.4115146437203077,16.552217358976606,29.154117922268576,0.9777024433273773
9622,WEIN BAUER INC,56930.229999999974,43517.00000000005,2867.0,3014.0,35629.94000000087,2155.639999999965,13413.229999999923,8.878333333333332,12.79,833.3333333333334,23.56082172863157,0.9512276045122761,1.3082296573752765,10.949599327192146,23.56082172863157,0.9512276045122761
9625,WESTERN SPIRITS BEVERAGE CO,443070.20000000007,361249.20999999926,49330.0,56860.0,337085.89999999775,18657.55999999977,81820.99000000078,13.371764705882352,18.695882352941176,667.6470588235294,18.466823090336646,0.867569468870911,1.2264945852753588,13.00148575846045,18.466823090336646,0.867569468870911
9744,FREDERICK WILDMAN & SONS,1127940.960000006,759449.2400000006,68928.0,70932.0,629115.2300000009,14218.180000000142,368491.72000000556,24.512338709677422,37.2641935483871,804.9354838709677,32.66941560487382,0.9717475892403993,1.4852091497254052,13.93590525581564,32.66941560487382,0.9717475892403993
9751,VINEDREA WINES LLC,11385.599999999944,4657.599999999999,440.0,205.0,8196.859999999948,346.9600000000002,6727.9999999999445,22.72,29.99,750.0,59.09218662169739,2.1463414634146343,2.4445207832359896,9.340192504416315,59.09218662169739,2.1463414634146343
9815,WINE GROUP INC,8340493.379999857,5258636.790000015,868988.0,888385.0,3836459.69000018,268181.69999999733,3081856.589999843,6.041194029850746,9.644228855721392,1566.8507462686566,36.950530976860456,0.9781659978500312,1.5860561801606825,15.93663305075549,36.950530976860456,0.9781659978500312
9819,TREASURY WINE ESTATES,4740030.520000028,2978686.3999999953,495294.0,497770.0,1994444.4299999839,75024.35999999888,1761344.1200000327,10.568627450980392,16.455686274509805,862.1274509803922,37.15891939024946,0.9950258151355044,1.5913157289736966,15.371554343438184,37.15891939024946,0.9950258151355044
10000,MAJESTIC FINE WINES,5375429.089999839,3506668.6299999817,433515.0,446119.0,1319458.9000000195,47740.170000001504,1868760.4599998568,13.33421052631579,20.516315789473683,769.7368421052631,34.764861161993544,0.971747448550723,1.5329161826162818,15.497349145520987,34.764861161993544,0.971747448550723
10050,Russian Standard Vodka,139135.54999999955,138907.27000000005,15195.0,12798.0,91611.72000000185,6144.419999999948,228.2799999994882,14.847777777777777,20.10111111111111,783.3333333333334,0.16407021785552933,1.1872948898265354,1.0016433985060647,11.843211103999892,0.16407021785552933,1.1872948898265354
10754,PERFECTA WINES,7779747.030000005,5665501.530000006,511663.0,553116.0,3996047.45000001,69901.34000000013,2114245.4999999995,32.184150702426564,51.48215836526181,770.3575989782886,27.176275678979223,0.9250555037279703,1.3731788772458415,15.867034508740648,27.176275678979223,0.9250555037279703
11567,CAMPARI AMERICA,5604628.169999779,4141720.709999965,490283.0,501284.0,3233087.559999971,305689.6699999891,1462907.4599998137,17.021875,23.1775,786.328125,26.101775454621663,0.9780543564127321,1.3532124839967363,15.539103451728732,26.101775454621663,0.9780543564127321
12331,STELLAR IMPORTING CO LLC,35480.629999999794,24560.08000000001,2987.0,3104.0,16238.529999999842,383.78000000000026,10920.549999999783,9.583888888888888,14.128888888888888,777.7777777777778,30.778906687958603,0.9623067010309279,1.4446463529434668,10.47677037674366,30.778906687958603,0.9623067010309279
12546,JIM BEAM BRANDS COMPANY,31898621.1599986,24203151.05000004,2629964.0,2737165.0,16567359.029999692,2248894.4599999776,7695470.109998555,31.163705722070844,42.33087193460491,870.0953678474115,24.12477351732307,0.9608350245600832,1.3179532323746144,17.27807337434572,24.12477351732307,0.9608350245600832
17031,FLAG HILL WINERY & VINEYARD,411807.1200000021,300403.19999999995,20788.0,20608.0,309521.940000002,8450.629999999952,111403.92000000214,15.604210526315791,21.09526315789474,631.578947368421,27.052451157231467,1.0087344720496894,1.3708479803144646,12.928312791691287,27.052451157231467,1.0087344720496894
17032,JEWELL TOWNE VINEYARDS,85230.81999999948,54332.369999999995,6318.0,6630.0,62163.18999999925,698.970000000001,30898.449999999488,8.384285714285713,12.704285714285716,750.0,36.252672448768735,0.9529411764705882,1.5686932117998809,11.353130117271684,36.252672448768735,0.9529411764705882
17033,SEA BREEZE CELLARS LLC,149519.9700000002,108948.09000000008,7103.0,8473.0,82545.36000000051,788.2200000000082,40571.880000000114,23.31,34.99,725.0,27.13475664822569,0.8383099256461702,1.372396432098994,11.915191929534833,27.13475664822569,0.8383099256461702
17035,PERNOD RICARD USA,32279544.169998832,24124091.560000136,1613338.0,1647558.0,12928734.449999232,1498797.5699999605,8155452.609998697,23.432204081632655,33.202285714285715,847.2408163265306,25.265079850720184,0.9792298662626748,1.3380625790494491,17.28994431111802,25.265079850720184,0.9792298662626748
17037,Dunn Wine Brokers,79546.8700000002,72055.30000000006,4063.0,5448.0,42694.2400000007,451.78000000000844,7491.570000000139,18.878148148148146,28.564074074074075,750.0,9.417806131152766,0.7457782672540382,1.1039697288055166,11.28411425779464,9.417806131152766,0.7457782672540382
28750,SMOKY QUARTZ DISTILLERY LLC,76449.1100000001,69803.71000000006,2739.0,3197.0,58388.070000000545,1541.7899999999931,6645.4000000000315,21.572499999999998,27.865,656.25,8.692579939779577,0.856740694401001,1.0952012436015226,11.244393650205096,8.692579939779577,0.856740694401001
28776,TALL SHIP DISTILLERY LLC,49533.13999999972,48445.580000000016,1786.0,2236.0,40095.52999999975,1408.930000000004,1087.5599999997048,21.53,27.74,750.0,2.195620951951988,0.7987477638640429,1.022449106812215,10.81041740779482,2.195620951951988,0.7987477638640429
90010,VINEXTRA INC,138302.15999999954,102639.51000000002,7984.0,8530.0,87733.17999999934,885.2500000000028,35662.64999999952,14.616249999999999,22.365,750.0,25.786039784194,0.9359906213364596,1.3474553804865155,11.837203366271062,25.786039784194,0.9359906213364596
90011,FORTUNE WINE BROKERS LLC,72842.01000000027,46940.17000000003,4699.0,5072.0,38709.519999999764,620.4100000000041,25901.840000000248,14.142105263157895,21.270701754385968,1083.3333333333333,35.55893089715694,0.9264589905362776,1.5518054152765153,11.196061856436412,35.55893089715694,0.9264589905362776
90017,THE IMPORTED GRAPE LLC,21369.909999999978,16093.77,1719.0,2280.0,7723.939999999993,192.10999999999987,5276.139999999978,8.714814814814815,13.84185185185185,750.0,24.689575201767266,0.7539473684210526,1.3278374178331105,9.969785930466925,24.689575201767266,0.7539473684210526
90024,VINILANDIA USA,818830.3599999998,548855.37,57204.0,59428.0,465136.0199999989,6471.580000000062,269974.9899999997,10.64419540229885,16.675632183908046,747.4827586206897,32.97080850788188,0.962576563236185,1.4918873072153775,13.615633431986994,32.97080850788188,0.962576563236185
90026,SILVER MOUNTAIN CIDERS,342.5100000000002,77.17999999999999,49.0,17.0,216.69000000000008,4.84,265.3300000000002,4.54,6.99,650.0,77.46635134740593,2.8823529411764706,4.437807722207829,5.83921622332017,77.46635134740593,2.8823529411764706
90027,POVERTY LANE ORCHARDS,73642.09000000053,45269.00999999997,6341.0,5872.0,42961.619999999566,704.2200000000101,28373.08000000056,8.06625,12.0525,750.0,38.52834703632169,1.0798705722070845,1.6267660812551583,11.206985595357509,38.52834703632169,1.0798705722070845
90032,LABELLE VYDS AND WINERY,203067.70000000036,146839.54999999993,12430.0,12855.0,145579.31000000017,1295.5800000000231,56228.150000000445,12.690999999999999,18.89,675.0,27.689361725178525,0.9669389342668222,1.3829223802442903,12.221299624416881,27.689361725178525,0.9669389342668222
90033,FANTASY FINE WINES CORP,327.5900000000001,128.64,41.0,24.0,215.73000000000008,4.51,198.9500000000001,5.36,7.99,750.0,60.73140205744988,1.7083333333333333,2.5465640547263693,5.794810773003765,60.73140205744988,1.7083333333333333
90037,THE PIERPONT GROUP LLC,17531.499999999938,5713.19,1050.0,580.0,10120.229999999949,613.1900000000002,11818.30999999994,9.4525,14.865,750.0,67.41185865442193,1.8103448275862069,3.0686009042233744,9.771811580411063,67.41185865442193,1.8103448275862069
90046,CANDIA VINEYARDS,52623.32999999962,36588.009999999995,2567.0,2609.0,40398.00999999969,224.70999999999918,16035.319999999634,13.588,19.990000000000002,600.0,30.47188385835664,0.98390187811422,1.4382670716444985,10.87093383931218,30.47188385835664,0.98390187811422
90047,CRUSH WINES,417131.8700000001,287189.9,25173.0,26349.0,230823.55999999834,2745.910000000012,129941.9700000001,18.754028776978416,29.215179856115107,1000.884892086331,31.15129275545406,0.9553683251736309,1.4524600969602346,12.941160083121721,31.15129275545406,0.9553683251736309
90051,FULCHINO VINEYARD INC,14441.639999999912,11147.769999999997,836.0,949.0,10598.80999999992,92.44999999999976,3293.8699999999144,11.875,17.49,750.0,22.808143673432756,0.880927291886196,1.2954734444646703,9.577940221221034,22.808143673432756,0.880927291886196
90052,HAUNTING WHISPER VYDS,7325.889999999965,5388.579999999998,611.0,669.0,5431.469999999978,67.61999999999983,1937.3099999999667,8.055,11.99,750.0,26.444705011950436,0.9133034379671151,1.3595214323625087,8.899306421081521,26.444705011950436,0.9133034379671151
90053,INCREDIBREW INC,35508.519999999706,24525.840000000015,2698.0,2786.0,23785.949999999746,299.1199999999996,10982.679999999693,8.83,13.24,750.0,30.92970363169116,0.968413496051687,1.4478003607623504,10.4775561085267,30.92970363169116,0.968413496051687
90056,SWEET BABY VINEYARD,184253.27000000118,140577.89999999994,14773.0,16805.0,126607.87000000293,1516.910000000071,43675.37000000123,8.3025,12.365,656.25,23.70398636615836,0.8790836060696221,1.3106844674732037,12.124071984816974,23.70398636615836,0.8790836060696221
90057,WALPOLE MTN VIEW WINERY,11483.879999999966,9292.309999999998,662.0,805.0,9096.749999999965,73.15999999999984,2191.5699999999697,11.676666666666668,17.49,750.0,19.083881057621433,0.822360248447205,1.2358477063292086,9.34878666665764,19.083881057621433,0.822360248447205
90058,ZORVINO VINEYARDS,124189.59000000027,86122.7100000001,10141.0,10550.0,89518.71999999964,1121.5400000000213,38066.88000000017,8.126666666666667,12.156666666666666,750.0,30.652230996172943,0.9612322274881516,1.4420074565698193,11.729572680715883,30.652230996172943,0.9612322274881516
90059,BLACK COVE BEVERAGES,6256.869999999979,14465.059999999989,313.0,919.0,3398.299999999986,122.87000000000016,-8208.19000000001,15.74,19.99,375.0,-131.18683942610343,0.3405875952121872,0.43255057358904725,8.741595150603018,-131.18683942610343,0.3405875952121872
98450,Serralles Usa LLC,204060.0000000068,168993.61000000068,10600.0,10463.0,141120.73000000353,16423.570000000567,35066.39000000613,17.58,23.06692307692308,1009.6153846153846,17.184352641382418,1.0130937589601452,1.2075012777110683,12.226174247736777,17.184352641382418,1.0130937589601452
99166,STARK BREWING COMPANY,25371.540000000048,25961.04000000001,846.0,1212.0,5398.199999999976,666.3900000000001,-589.4999999999636,21.42,29.99,750.0,-2.3234695253026127,0.698019801980198,0.977292897356964,10.141422765831733,-2.3234695253026127,0.698019801980198
172662,SWEETWATER FARM,35049.629999999874,34708.02999999999,1237.0,1629.0,25384.03999999989,925.6100000000001,341.5999999998801,20.204,27.089999999999996,675.0,0.9746179916874481,0.7593615715162676,1.0098421028217355,10.464548866623593,0.9746179916874481,0.7593615715162676
173357,TAMWORTH DISTILLING,40021.12000000014,41036.43999999997,1488.0,1990.0,22629.519999999862,1030.0999999999985,-1015.3199999998378,23.4,31.49,656.25,-2.536960484863578,0.7477386934673367,0.9752580876898719,10.597187580247924,-2.536960484863578,0.7477386934673367
201359,FLAVOR ESSENCE INC,1474.4100000000003,17.0,59.0,1.0,1324.4700000000003,1.2400000000000007,1457.4100000000003,17.0,24.99,162.5,98.84699642568891,59.0,86.73000000000002,7.296691196250196,77.46635134740593,2.8823529411764706
